,Name,Mileage,Dealer Name,Rating,Rating Count,Price
0,2019 Maserati Levante Base,"23,141 mi.",Faulkner Maserati Alfa Romeo Willow Grove,5.0,(3 reviews),"$52,500"
1,2018 Maserati GranTurismo Sport,"19,191 mi.","Santa Monica Maserati, Alfa Romeo, Fiat",4.5,(647 reviews),"$77,800"
2,2018 Maserati Ghibli S Q4,"28,857 mi.",F.C. Kerbeck & Sons,4.7,(170 reviews),"$54,990"
3,2019 Maserati Levante Base,"16,606 mi.",Faulkner Maserati Alfa Romeo Willow Grove,5.0,(3 reviews),"$52,998"
4,2019 Maserati Levante Base,"27,163 mi.","Santa Monica Maserati, Alfa Romeo, Fiat",4.5,(647 reviews),"$55,380"
5,2018 Maserati Ghibli S Q4,"26,378 mi.",F.C. Kerbeck & Sons,4.7,(170 reviews),"$46,900"
6,2019 Maserati Levante Base,"26,882 mi.","Santa Monica Maserati, Alfa Romeo, Fiat",4.5,(647 reviews),"$51,880"
7,2019 Maserati Ghibli S Q4,"19,018 mi.",Criswell Maserati Alfa Romeo,4.9,(543 reviews),"$50,499"
8,2019 Maserati Levante Base,"23,763 mi.",THE COLLECTION,4.7,(661 reviews),"$54,400"
9,2019 Maserati Ghibli S Q4,"23,813 mi.",Faulkner Maserati Alfa Romeo Willow Grove,5.0,(3 reviews),"$53,500"
10,2019 Maserati Ghibli S Q4,"15,691 mi.",Criswell Maserati Alfa Romeo,4.9,(543 reviews),"$51,878"
11,2018 Maserati Ghibli S,"25,230 mi.",F.C. Kerbeck & Sons,4.7,(170 reviews),"$46,100"
12,2019 Maserati Levante GranSport,"16,448 mi.",Maserati Alfa Romeo of Wilmington Pike,3.4,(87 reviews),"$61,888"
13,2019 Maserati Ghibli S Q4,"34,870 mi.",F.C. Kerbeck & Sons,4.7,(170 reviews),"$55,990"
14,2019 Maserati Levante GranSport,"32,099 mi.",Maserati Alfa Romeo of Wilmington Pike,3.4,(87 reviews),"$57,720"
15,2019 Maserati Levante Base,"14,053 mi.",THE COLLECTION,4.7,(661 reviews),"$55,900"
16,2019 Maserati Levante Base,"42,578 mi.",Faulkner Maserati Alfa Romeo Willow Grove,5.0,(3 reviews),"$50,998"
17,2019 Maserati Ghibli S GranLusso,"23,745 mi.",Ferrari Maserati of Atlanta,4.9,(447 reviews),"$55,950"
18,2019 Maserati Levante Base,"24,758 mi.",F.C. Kerbeck & Sons,4.7,(170 reviews),"$65,990"
19,2018 Maserati Ghibli S Q4,"27,934 mi.",Ron Tonkin Gran Turismo,4.7,(87 reviews),"$48,995"
20,2019 Maserati Ghibli S GranLusso,"4,332 mi.",Ferrari Maserati of Atlanta,4.9,(447 reviews),"$58,950"
21,2019 Maserati Ghibli S Q4,"36,159 mi.",Faulkner Maserati Alfa Romeo Willow Grove,5.0,(3 reviews),"$48,698"
22,2019 Maserati Levante S GranSport,"22,067 mi.",Ron Tonkin Gran Turismo,4.7,(87 reviews),"$67,995"
23,2018 Maserati Ghibli S Q4,"19,356 mi.",Ferrari-Maserati of New England,4.6,(70 reviews),"$55,900"
24,2018 Maserati Ghibli S Q4 GranLusso,"29,119 mi.","Porsche of the Village, Maserati Cincinnati, Alfa Romeo of Cincinnati, and Volvo Cars of Cincinnati East",5.0,(34 reviews),"$47,400"
25,2018 Maserati Levante GranSport,"17,614 mi.",Russell Westbrook Alfa Romeo Maserati Fiat,4.6,"(1,617 reviews)","$52,995"
26,2019 Maserati Levante S GranSport,"31,385 mi.",Faulkner Maserati Alfa Romeo Willow Grove,5.0,(3 reviews),"$64,998"
27,2018 Maserati Ghibli S Q4,"23,568 mi.",Ferrari-Maserati of New England,4.6,(70 reviews),"$47,900"
28,2019 Maserati Levante Base,"22,435 mi.",Maserati Alfa Romeo of Wilmington Pike,3.4,(87 reviews),"$52,338"
29,2018 Maserati Quattroporte S Q4 GranSport,"17,415 mi.","Porsche of the Village, Maserati Cincinnati, Alfa Romeo of Cincinnati, and Volvo Cars of Cincinnati East",5.0,(34 reviews),"$59,900"
30,2018 Maserati GranTurismo Sport,"10,231 mi.",Ferrari-Maserati of New England,4.6,(70 reviews),"$81,900"
31,2018 Maserati GranTurismo Sport,"28,497 mi.",Ferrari-Maserati of New England,4.6,(70 reviews),"$87,900"
32,2018 Maserati Quattroporte S GranLusso,"19,341 mi.",Ferrari Maserati of Atlanta,4.9,(447 reviews),"$58,950"
33,2020 Maserati Levante Q4 GranSport,"22,448 mi.",Miller Motorcars,4.6,(42 reviews),"$64,900"
34,2022 Maserati Ghibli Modena,"6,419 mi.",Ferrari Maserati Alfa Romeo of Fort Lauderdale,4.8,"(1,709 reviews)","$81,900"
35,2019 Maserati Levante GranSport,"41,930 mi.",Northside Imports Houston,4.7,(183 reviews),"$60,125"
36,2022 Maserati Levante Modena,"6,685 mi.",Ferrari Maserati of Atlanta,4.9,(447 reviews),"$89,950"
37,2019 Maserati Ghibli S Q4,"36,999 mi.",F.C. Kerbeck & Sons,4.7,(170 reviews),"$52,990"
38,2020 Maserati Ghibli S,"22,913 mi.",THE COLLECTION,4.7,(661 reviews),"$56,900"
39,2018 Maserati Ghibli S Q4,"17,969 mi.",Ron Tonkin Gran Turismo,4.7,(87 reviews),"$49,995"
40,2022 Maserati Ghibli Modena,"5,075 mi.",Ferrari Maserati Alfa Romeo of Fort Lauderdale,4.8,"(1,709 reviews)","$82,900"
41,2018 Maserati Ghibli S Q4 GranLusso,"23,190 mi.",Maserati Alfa Romeo of Wilmington Pike,3.4,(87 reviews),"$46,995"
42,2019 Maserati Ghibli S GranLusso,"29,807 mi.",Hi Tech Luxury Imports,2.6,(11 reviews),"$58,615"
43,2019 Maserati Levante S,"27,481 mi.",Russell Westbrook Alfa Romeo Maserati Fiat,4.6,"(1,617 reviews)","$59,595"
44,2018 Maserati Quattroporte S Q4,"26,078 mi.",Ferrari-Maserati of New England,4.6,(70 reviews),"$62,900"
45,2021 Maserati Levante S,"16,691 mi.",Russell Westbrook Alfa Romeo Maserati Fiat,4.6,"(1,617 reviews)","$64,995"
46,2019 Maserati Ghibli S Q4,"19,568 mi.",Miller Motorcars,4.6,(42 reviews),"$57,900"
47,2019 Maserati Ghibli S Q4 GranSport,"9,958 mi.",Criswell Maserati Alfa Romeo,4.9,(543 reviews),"$59,696"
48,2018 Maserati Ghibli S,"11,044 mi.",THE COLLECTION,4.7,(661 reviews),"$46,900"
49,2018 Maserati Ghibli Base,"20,153 mi.",Alfa Romeo & Maserati of Raleigh,4.9,(233 reviews),"$46,266"
50,2018 Maserati Levante Base,"30,918 mi.",F.C. Kerbeck & Sons,4.7,(170 reviews),"$60,990"
51,2019 Maserati Ghibli S Q4 GranLusso,"29,798 mi.",Maserati Alfa Romeo of Wilmington Pike,3.4,(87 reviews),"$51,682"
52,2019 Maserati Ghibli S Q4 GranLusso,"27,162 mi.",Faulkner Maserati Alfa Romeo Willow Grove,5.0,(3 reviews),"$53,998"
53,2021 Maserati Ghibli S GranSport,913 mi.,"Santa Monica Maserati, Alfa Romeo, Fiat",4.5,(647 reviews),"$76,880"
54,2019 Maserati Ghibli S Q4 GranLusso,"12,679 mi.",F.C. Kerbeck & Sons,4.7,(170 reviews),"$75,880"
55,2021 Maserati Levante S,"12,560 mi.",Russell Westbrook Alfa Romeo Maserati Fiat,4.6,"(1,617 reviews)","$67,995"
56,2018 Maserati Ghibli S Q4,"24,228 mi.",Ferrari-Maserati of New England,4.6,(70 reviews),"$45,900"
57,2018 Maserati Ghibli Base,"25,961 mi.",Russell Westbrook Alfa Romeo Maserati Fiat,4.6,"(1,617 reviews)","$40,995"
58,2018 Maserati Ghibli S Q4,"17,525 mi.",Ron Tonkin Gran Turismo,4.7,(87 reviews),"$53,995"
59,2018 Maserati GranTurismo Sport,"13,318 mi.",Russell Westbrook Alfa Romeo Maserati Fiat,4.6,"(1,617 reviews)","$74,995"
60,2022 Maserati Ghibli Modena,"5,759 mi.",Ferrari Maserati Alfa Romeo of Fort Lauderdale,4.8,"(1,709 reviews)","$79,900"
61,2018 Maserati Ghibli S,"9,042 mi.",THE COLLECTION,4.7,(661 reviews),"$47,300"
62,2018 Maserati GranTurismo Sport,"16,118 mi.",Northside Imports Houston,4.7,(183 reviews),"$77,650"
63,2018 Maserati GranTurismo Sport,"21,733 mi.","Porsche of the Village, Maserati Cincinnati, Alfa Romeo of Cincinnati, and Volvo Cars of Cincinnati East",5.0,(34 reviews),"$79,400"
64,2018 Maserati Ghibli S Q4,"30,255 mi.",Ferrari-Maserati of New England,4.6,(70 reviews),"$51,900"
65,2018 Maserati Ghibli S Q4,"30,473 mi.",Ferrari-Maserati of New England,4.6,(70 reviews),"$48,900"
66,2018 Maserati Ghibli S Q4,"33,504 mi.",Ferrari-Maserati of New England,4.6,(70 reviews),"$44,900"
67,2022 Maserati Levante GT,"2,854 mi.",Ferrari Maserati Alfa Romeo of Fort Lauderdale,4.8,"(1,709 reviews)","$79,900"
68,2018 Maserati Levante S,"27,071 mi.",Russell Westbrook Alfa Romeo Maserati Fiat,4.6,"(1,617 reviews)","$51,995"
69,2019 Maserati Quattroporte S,"32,908 mi.",Russell Westbrook Alfa Romeo Maserati Fiat,4.6,"(1,617 reviews)","$53,995"
70,2020 Maserati Ghibli S Q4,"9,135 mi.",Maserati Alfa Romeo of Wilmington Pike,3.4,(87 reviews),"$55,995"
71,2019 Maserati Ghibli Base,"25,978 mi.",THE COLLECTION,4.7,(661 reviews),"$46,100"
72,2019 Maserati Ghibli S Q4 GranSport,"10,287 mi.",Ron Tonkin Gran Turismo,4.7,(87 reviews),"$64,995"
73,2018 Maserati GranTurismo Sport,"11,814 mi.",Northside Imports Houston,4.7,(183 reviews),"$78,250"
74,2019 Maserati Levante S GranLusso,"19,577 mi.",Maserati Alfa Romeo of Wilmington Pike,3.4,(87 reviews),"$60,995"
75,2019 Maserati Levante GranLusso,"15,925 mi.",Maserati Alfa Romeo of Wilmington Pike,3.4,(87 reviews),"$64,599"
76,2019 Maserati GranTurismo Sport,"8,882 mi.",Hi Tech Luxury Imports,2.6,(11 reviews),"$112,553"
77,2019 Maserati Ghibli Base,"9,899 mi.",Rusnak Bentley Rolls-Royce Maserati,4.4,(258 reviews),"$48,688"
78,2019 Maserati Ghibli S Q4,"10,252 mi.",Ron Tonkin Gran Turismo,4.7,(87 reviews),"$56,995"
79,2019 Maserati Levante S GranLusso,"27,682 mi.",Ferrari Maserati of Atlanta,4.9,(447 reviews),"$63,950"
80,2018 Maserati Ghibli S Q4,"44,645 mi.",Ferrari-Maserati of New England,4.6,(70 reviews),"$43,900"
81,2018 Maserati Ghibli GranLusso,"26,054 mi.",Ferrari Maserati of Atlanta,4.9,(447 reviews),"$45,950"
82,2018 Maserati Ghibli Base,"42,001 mi.",Alfa Romeo & Maserati of Raleigh,4.9,(233 reviews),"$42,997"
83,2019 Maserati Ghibli S Q4,"7,201 mi.",Ferrari-Maserati of New England,4.6,(70 reviews),"$59,900"
84,2021 Maserati Levante S,"12,346 mi.",Russell Westbrook Alfa Romeo Maserati Fiat,4.6,"(1,617 reviews)","$69,995"
85,2018 Maserati GranTurismo Sport,"19,798 mi.",Ferrari Maserati Alfa Romeo of Fort Lauderdale,4.8,"(1,709 reviews)","$79,900"
86,2021 Maserati Levante Base,"1,566 mi.",Ron Tonkin Gran Turismo,4.7,(87 reviews),"$77,995"
87,2019 Maserati Quattroporte S Q4,"24,327 mi.",Ferrari-Maserati of New England,4.6,(70 reviews),"$69,900"
88,2019 Maserati Levante GTS,"22,566 mi.",Maserati Alfa Romeo of Wilmington Pike,3.4,(87 reviews),"$85,995"
89,2019 Maserati Levante Base,"27,483 mi.",Ferrari Maserati of Atlanta,4.9,(447 reviews),"$58,950"
90,2021 Maserati Levante S,"15,867 mi.",Russell Westbrook Alfa Romeo Maserati Fiat,4.6,"(1,617 reviews)","$66,495"
91,2022 Maserati Ghibli Modena,"5,335 mi.",THE COLLECTION,4.7,(661 reviews),"$78,900"
92,2019 Maserati Levante Base,"23,180 mi.",The Luxury Collection Walnut Creek,4.1,(4 reviews),"$57,950"
93,2021 Maserati Levante GranLusso,"4,798 mi.",Maserati of the Main Line,4.9,(382 reviews),"$76,900"
94,2020 Maserati Ghibli S,"12,186 mi.",Northside Imports Houston,4.7,(183 reviews),"$59,980"
95,2018 Maserati Quattroporte S Q4,"30,348 mi.",Suburban Exotic Motorcars,4.7,(183 reviews),"$53,400"
96,2020 Maserati Levante Base,"17,317 mi.","Bentley, Maserati & Rolls-Royce Motor Cars by O'Gara Westlake",3.5,(11 reviews),"$60,993"
97,2018 Maserati Ghibli S Q4,"34,797 mi.",Suburban Exotic Motorcars,3.5,(11 reviews),"$43,950"
98,2022 Maserati Ghibli Modena,"5,545 mi.",Ferrari Maserati Alfa Romeo of Fort Lauderdale,4.8,"(1,709 reviews)","$78,900"
99,2021 Maserati Levante S GranSport,"16,503 mi.",Ferrari-Maserati of New England,4.6,(70 reviews),"$89,900"
100,2018 Maserati Levante S GranSport,"18,835 mi.",Maserati Alfa Romeo of Wilmington Pike,3.4,(87 reviews),"$57,995"
101,2019 Maserati Quattroporte S Q4 GranLusso,"10,211 mi.",Faulkner Maserati Alfa Romeo Willow Grove,5.0,(3 reviews),"$66,998"
102,2020 Maserati Levante GTS,"30,977 mi.",Benchmark Imports,4.7,(683 reviews),"$88,800"
103,2021 Maserati Levante GranLusso,"6,958 mi.",Maserati of the Main Line,4.9,(382 reviews),"$75,500"
104,2019 Maserati Levante GranLusso,"21,490 mi.",Ferrari-Maserati of New England,4.6,(70 reviews),"$75,900"
105,2019 Maserati Ghibli GranLusso,"16,796 mi.",Rusnak Bentley Rolls-Royce Maserati,4.4,(258 reviews),"$53,888"
106,2018 Maserati Ghibli S Q4 GranLusso,"46,396 mi.","Porsche of the Village, Maserati Cincinnati, Alfa Romeo of Cincinnati, and Volvo Cars of Cincinnati East",5.0,(34 reviews),"$46,900"
107,2019 Maserati Ghibli Base,"21,720 mi.",Russell Westbrook Alfa Romeo Maserati Fiat,4.6,"(1,617 reviews)","$44,495"
108,2019 Maserati Ghibli Base,"20,441 mi.",Rusnak Bentley Rolls-Royce Maserati,4.4,(258 reviews),"$46,988"
109,2019 Maserati Ghibli GranSport,"9,449 mi.",Foreign Cars Charlotte,4.9,(546 reviews),"$59,999"
110,2019 Maserati Levante Trofeo,"9,500 mi.",The Luxury Collection Walnut Creek,4.1,(4 reviews),"$124,950"
111,2019 Maserati Ghibli S,"27,798 mi.",THE COLLECTION,4.7,(661 reviews),"$50,800"
112,2020 Maserati Ghibli Base,"13,445 mi.",Russell Westbrook Alfa Romeo Maserati Fiat,4.6,"(1,617 reviews)","$47,995"
113,2018 Maserati GranTurismo Sport,"15,680 mi.",Maserati Alfa Romeo of Wilmington Pike,3.4,(87 reviews),"$87,995"
114,2018 Maserati Levante Base,"20,093 mi.","Santa Monica Maserati, Alfa Romeo, Fiat",4.5,(647 reviews),"$50,880"
115,2018 Maserati Levante GranLusso,"29,272 mi.",Ferrari-Maserati of New England,4.6,(70 reviews),"$55,900"
116,2019 Maserati Ghibli S GranSport,"11,867 mi.",Maserati and Alfa Romeo of Marin,5.0,(4 reviews),"$50,991"
117,2018 Maserati GranTurismo MC,"26,200 mi.",Rusnak Bentley Rolls-Royce Maserati,4.4,(258 reviews),"$82,998"
118,2021 Maserati Quattroporte S Q4 GranLusso,"5,428 mi.",Russell Westbrook Alfa Romeo Maserati Fiat,4.6,"(1,617 reviews)","$81,995"
119,2019 Maserati Ghibli Base,"25,959 mi.",Ferrari Maserati of Atlanta,4.9,(447 reviews),"$48,950"
120,2019 Maserati Ghibli S Q4 GranSport,"12,313 mi.",Northside Imports Houston,4.7,(183 reviews),"$60,244"
121,2018 Maserati Levante Base,"25,222 mi.",Maserati Alfa Romeo of Puente Hills,5.0,(1 review),"$46,688"
122,2019 Maserati Ghibli S Q4,"24,481 mi.",Ferrari Maserati of Atlanta,4.9,(447 reviews),"$51,450"
123,2019 Maserati GranTurismo Sport,"12,147 mi.",Maserati Alfa Romeo of Wilmington Pike,3.4,(87 reviews),"$109,570"
124,2018 Maserati Ghibli ,"16,743 mi.",F.C. Kerbeck & Sons,4.7,(170 reviews),"$55,880"
125,2022 Maserati Levante GT,"6,500 mi.",Maserati Alfa Romeo of Wilmington Pike,3.4,(87 reviews),"$74,995"
126,2020 Maserati Levante S,"17,667 mi.",Russell Westbrook Alfa Romeo Maserati Fiat,4.6,"(1,617 reviews)","$57,195"
127,2022 Maserati Ghibli Modena,"4,522 mi.",Ferrari Maserati Alfa Romeo of Fort Lauderdale,4.8,"(1,709 reviews)","$81,900"
128,2019 Maserati Levante S GranSport,"20,487 mi.",Rusnak Bentley Rolls-Royce Maserati,4.4,(258 reviews),"$66,888"
129,2019 Maserati Levante Base,"36,767 mi.",Fullerton Auto Group,4.6,(335 reviews),"$52,000"
130,2021 Maserati Levante GranSport,"12,003 mi.","Porsche of the Village, Maserati Cincinnati, Alfa Romeo of Cincinnati, and Volvo Cars of Cincinnati East",5.0,(34 reviews),"$76,400"
131,2018 Maserati Ghibli S Q4 GranSport,"23,463 mi.",Ron Tonkin Gran Turismo,4.7,(87 reviews),"$58,995"
132,2020 Maserati Ghibli Base,"8,755 mi.","Bentley, Maserati & Rolls-Royce Motor Cars by O'Gara Westlake",3.5,(11 reviews),"$54,993"
133,2019 Maserati Ghibli S GranSport,"22,984 mi.",THE COLLECTION,4.7,(661 reviews),"$54,900"
134,2019 Maserati Quattroporte S,"15,242 mi.","Santa Monica Maserati, Alfa Romeo, Fiat",4.5,(647 reviews),"$58,880"
135,2020 Maserati Levante S,"13,782 mi.","Bentley, Maserati & Rolls-Royce Motor Cars by O'Gara Westlake",3.5,(11 reviews),"$60,993"
136,2019 Maserati Levante S,"13,648 mi.","Santa Monica Maserati, Alfa Romeo, Fiat",4.5,(647 reviews),"$61,800"
137,2020 Maserati Levante Base,"11,286 mi.",Russell Westbrook Alfa Romeo Maserati Fiat,4.6,"(1,617 reviews)","$60,995"
138,2018 Maserati Ghibli S Q4 GranLusso,"23,269 mi.",Maserati Alfa Romeo of Wilmington Pike,3.4,(87 reviews),"$47,429"
139,2019 Maserati Ghibli S,"9,792 mi.",Naples Luxury Imports,4.9,"(1,258 reviews)","$49,999"
140,2020 Maserati Quattroporte S Q4,"8,447 mi.",Maserati Alfa Romeo of Wilmington Pike,3.4,(87 reviews),"$69,995"
141,2018 Maserati Ghibli S GranSport,"10,662 mi.",Naples Luxury Imports,4.9,"(1,258 reviews)","$49,999"
142,2019 Maserati Ghibli S,"7,930 mi.","Santa Monica Maserati, Alfa Romeo, Fiat",4.5,(647 reviews),"$54,880"
143,2018 Maserati GranTurismo MC Convertible,"6,259 mi.",Miller Motorcars,4.6,(42 reviews),"$116,900"
144,2021 Maserati Quattroporte S Q4,"5,949 mi.","Porsche of the Village, Maserati Cincinnati, Alfa Romeo of Cincinnati, and Volvo Cars of Cincinnati East",5.0,(34 reviews),"$94,400"
145,2020 Maserati Quattroporte S Q4 GranSport,"4,982 mi.",Maserati Alfa Romeo of Wilmington Pike,3.4,(87 reviews),"$87,995"
146,2018 Maserati GranTurismo Sport,"16,991 mi.","Porsche of the Village, Maserati Cincinnati, Alfa Romeo of Cincinnati, and Volvo Cars of Cincinnati East",5.0,(34 reviews),"$89,900"
147,2019 Maserati Quattroporte GTS GranLusso,"21,859 mi.",THE COLLECTION,4.7,(661 reviews),"$77,900"
148,2020 Maserati Levante GranLusso,"13,116 mi.",Northside Imports Houston,4.7,(183 reviews),"$63,800"
149,2018 Maserati Ghibli Base,"36,328 mi.",Russell Westbrook Alfa Romeo Maserati Fiat,4.6,"(1,617 reviews)","$38,995"
150,2021 Maserati Ghibli S Q4 GranSport,"3,139 mi.",Miller Motorcars,4.6,(42 reviews),"$79,900"
151,2018 Maserati Levante S,"32,948 mi.",Rusnak Bentley Rolls-Royce Maserati,4.4,(258 reviews),"$52,998"
152,2021 Maserati Ghibli Base,"4,155 mi.",Rusnak Bentley Rolls-Royce Maserati,4.4,(258 reviews),"$64,688"
153,2019 Maserati Levante GranLusso,"32,818 mi.",THE COLLECTION,4.7,(661 reviews),"$58,200"
154,2017 Maserati GranTurismo Sport,"8,022 mi.",F.C. Kerbeck & Sons,4.7,(170 reviews),"$79,990"
155,2018 Maserati GranTurismo Sport,"10,108 mi.",Ferrari Maserati of Atlanta,4.9,(447 reviews),"$81,450"
156,2019 Maserati Quattroporte S Q4 GranLusso,"21,459 mi.","Porsche of the Village, Maserati Cincinnati, Alfa Romeo of Cincinnati, and Volvo Cars of Cincinnati East",5.0,(34 reviews),"$68,900"
157,2019 Maserati Ghibli S Q4,"35,675 mi.",Alfa Romeo & Maserati of Raleigh,4.9,(233 reviews),"$52,495"
158,2021 Maserati Ghibli Base,"5,171 mi.",Rusnak Bentley Rolls-Royce Maserati,4.4,(258 reviews),"$64,998"
159,2019 Maserati Levante S GranSport,"30,444 mi.",Russell Westbrook Alfa Romeo Maserati Fiat,4.6,"(1,617 reviews)","$59,995"
160,2018 Maserati Levante GranSport,"40,712 mi.",THE COLLECTION,4.7,(661 reviews),"$53,900"
161,2019 Maserati Levante GranLusso,"35,556 mi.",Ferrari Maserati of Atlanta,4.9,(447 reviews),"$58,950"
162,2021 Maserati Levante GranSport,"13,571 mi.",Maserati Alfa Romeo of Wilmington Pike,3.4,(87 reviews),"$76,995"
163,2018 Maserati GranTurismo Sport,"20,868 mi.",Naples Luxury Imports,4.9,"(1,258 reviews)","$99,999"
164,2021 Maserati Levante S GranSport,"11,520 mi.",Daytona Dodge Chrysler Jeep Ram & FIAT,4.4,(403 reviews),"$79,468"
165,2021 Maserati Levante GranSport,"5,188 mi.",Maserati Alfa Romeo of Puente Hills,5.0,(1 review),"$78,698"
166,2018 Maserati Levante S GranLusso,"30,414 mi.",Rusnak Bentley Rolls-Royce Maserati,4.4,(258 reviews),"$55,698"
167,2021 Maserati Levante GranSport,"3,439 mi.",Maserati of the Main Line,4.9,(382 reviews),"$77,900"
168,2019 Maserati Levante S GranSport,"31,631 mi.",Ferrari-Maserati of New England,4.6,(70 reviews),"$64,900"
169,2018 Maserati GranTurismo Sport,"38,698 mi.",Faulkner Maserati Alfa Romeo Willow Grove,5.0,(3 reviews),"$80,998"
170,2020 Maserati Ghibli S Q4,"14,911 mi.",Maserati of the Main Line,4.9,(382 reviews),"$62,500"
171,2019 Maserati Ghibli S Q4,"15,287 mi.",Sill-TerHar Motors,4.7,"(1,676 reviews)","$54,950"
172,2019 Maserati GranTurismo Sport,"12,970 mi.",Ferrari-Maserati of New England,4.6,(70 reviews),"$125,900"
173,2021 Maserati Quattroporte S GranLusso,"7,584 mi.",Russell Westbrook Alfa Romeo Maserati Fiat,4.6,"(1,617 reviews)","$84,995"
174,2021 Maserati Levante S GranLusso,"12,821 mi.",Ferrari-Maserati of New England,4.6,(70 reviews),"$89,900"
175,2019 Maserati Ghibli S Q4 GranSport,"8,699 mi.",Alfa Romeo & Maserati of Raleigh,4.9,(233 reviews),"$58,997"
176,2021 Maserati Ghibli Base,"16,641 mi.",Northside Imports Houston,4.7,(183 reviews),"$62,350"
177,2019 Maserati Ghibli Base,"19,834 mi.",Alfa Romeo & Maserati of Raleigh,4.9,(233 reviews),"$50,777"
178,2022 Maserati Levante Modena,"1,263 mi.",Russell Westbrook Alfa Romeo Maserati Fiat,4.6,"(1,617 reviews)","$87,495"
179,2019 Maserati Levante GTS,"18,584 mi.",Maserati Louisville,4.5,(31 reviews),"$120,000"
180,2021 Maserati Ghibli Base,"5,893 mi.",Rusnak Bentley Rolls-Royce Maserati,4.4,(258 reviews),"$64,688"
181,2020 Maserati Levante S GranSport,"3,500 mi.",Maserati Alfa Romeo of Wilmington Pike,3.4,(87 reviews),"$62,995"
182,2019 Maserati Levante SQ4,"18,714 mi.",Maserati and Alfa Romeo of Marin,5.0,(4 reviews),"$54,991"
183,2022 Maserati Quattroporte Modena,"2,422 mi.",Alfa Romeo & Maserati of Raleigh,4.9,(233 reviews),"$98,995"
184,2021 Maserati Levante Base,"5,870 mi.",Maserati of the Main Line,4.9,(382 reviews),"$74,500"
185,2022 Maserati Quattroporte MODENA,813 mi.,Russell Westbrook Alfa Romeo Maserati Fiat,4.6,"(1,617 reviews)","$94,995"
186,2019 Maserati Quattroporte S,"35,645 mi.","Santa Monica Maserati, Alfa Romeo, Fiat",4.5,(647 reviews),"$58,880"
187,2019 Maserati Levante GTS,"49,008 mi.",Northside Imports Houston,4.7,(183 reviews),"$80,943"
188,2020 Maserati Quattroporte S GranLusso,"15,653 mi.",Maserati Alfa Romeo of Wilmington Pike,3.4,(87 reviews),"$77,995"
189,2021 Maserati Levante GranLusso,"4,625 mi.",Morrie's Luxury Auto,4.4,(149 reviews),"$76,000"
190,2021 Maserati Ghibli S Q4,"1,987 mi.",Maserati of the Main Line,4.9,(382 reviews),"$74,900"
191,2018 Maserati GranTurismo Sport,"17,461 mi.",Alfa Romeo & Maserati of Raleigh,4.9,(233 reviews),"$78,718"
192,2018 Maserati GranTurismo Sport,"8,367 mi.","Ferrari, Maserati & Alfa Romeo of Seattle",4.9,(0 reviews),"$90,000"
193,2022 Maserati Quattroporte MODENA Q4,"4,852 mi.",Suburban Exotic Motorcars,4.9,(0 reviews),"$109,950"
194,2021 Maserati Ghibli S Q4,"3,914 mi.",Maserati of the Main Line,4.9,(382 reviews),"$74,500"
195,2021 Maserati Ghibli Base,"3,498 mi.",Rusnak Bentley Rolls-Royce Maserati,4.4,(258 reviews),"$65,998"
196,2021 Maserati Levante S,"4,470 mi.",Maserati of the Main Line,4.9,(382 reviews),"$80,500"
197,2021 Maserati Ghibli Trofeo,"3,079 mi.",Maserati of the Main Line,4.9,(382 reviews),"$104,900"
198,2021 Maserati Ghibli S Q4,"15,538 mi.",Alfa Romeo & Maserati of Raleigh,4.9,(233 reviews),"$66,235"
199,2021 Maserati Ghibli Trofeo,"4,044 mi.",Benchmark Imports,4.7,(683 reviews),"$115,800"
200,2019 Maserati Ghibli S GranSport,"38,051 mi.",Daytona Dodge Chrysler Jeep Ram & FIAT,4.4,(403 reviews),"$54,639"
201,2022 Maserati Ghibli F Tributo Q4,"9,573 mi.",Maserati of the Main Line,4.9,(382 reviews),"$87,900"
202,2021 Maserati Ghibli Trofeo,"6,185 mi.",Maserati of the Main Line,4.9,(382 reviews),"$102,500"
203,2018 Maserati Ghibli S Q4 GranSport,"21,942 mi.",Maserati of Salt Lake City,4.9,(0 reviews),"$48,650"
204,2021 Maserati Levante S GranLusso,"6,151 mi.",Maserati Alfa Romeo of Puente Hills,5.0,(1 review),"$86,788"
205,2022 Maserati Levante Trofeo,"3,099 mi.",Maserati of the Main Line,4.9,(382 reviews),"$139,900"
206,2018 Maserati Ghibli Base,"41,051 mi.",Alfa Romeo & Maserati of Raleigh,4.9,(233 reviews),"$39,997"
207,2017 Maserati Levante S,"40,892 mi.",Sill-TerHar Motors,4.7,"(1,676 reviews)","$48,150"
208,2018 Maserati Ghibli GranSport,"24,240 mi.","Ferrari, Maserati & Alfa Romeo of Seattle",4.7,(0 reviews),"$48,995"
209,2020 Maserati Quattroporte S Q4 GranSport,166 mi.,Maserati Alfa Romeo of Wilmington Pike,3.4,(87 reviews),"$84,995"
210,2022 Maserati Ghibli GT,"3,522 mi.",Maserati Alfa Romeo of Puente Hills,5.0,(1 review),"$68,488"
211,2021 Maserati Ghibli S Q4,"10,768 mi.",Maserati Louisville,4.5,(31 reviews),"$79,425"
212,2018 Maserati GranTurismo Sport,"9,005 mi.","Santa Monica Maserati, Alfa Romeo, Fiat",4.5,(647 reviews),"$79,990"
213,2019 Maserati Ghibli Base,"19,918 mi.",Umansky Maserati,3.0,(2 reviews),"$52,999"
214,2019 Maserati Levante S,"13,986 mi.",Hi Tech Luxury Imports,2.6,(11 reviews),"$64,288"
215,2018 Maserati GranTurismo Sport,"36,270 mi.",Umansky Maserati,3.0,(2 reviews),"$91,889"
216,2018 Maserati GranTurismo Sport,"34,347 mi.",Umansky Maserati,3.0,(2 reviews),"$87,888"
217,2018 Maserati Levante Base,"35,023 mi.",Umansky Maserati,3.0,(2 reviews),"$53,499"
218,2018 Maserati Quattroporte S,"32,042 mi.",Umansky Maserati,3.0,(2 reviews),"$60,988"
219,2019 Maserati Ghibli S,"18,505 mi.",Maserati of Anaheim Hills/Alfa Romeo of Anaheim Hills,2.3,(7 reviews),"$54,450"
220,2020 Maserati Levante S,"39,035 mi.",Umansky Maserati,3.0,(2 reviews),"$64,638"
221,2019 Maserati Levante Base,"25,858 mi.",Maserati Alfa Romeo of Puente Hills,5.0,(1 review),"$47,498"
222,2019 Maserati Ghibli S Q4 GranSport,"41,489 mi.",Northside Imports Houston,4.7,(183 reviews),"$54,988"
223,2022 Maserati Ghibli Modena,"5,073 mi.",Ferrari Maserati Alfa Romeo of Fort Lauderdale,4.8,"(1,709 reviews)","$81,900"
224,2019 Maserati Levante GTS,"8,865 mi.",Ferrari Maserati of Atlanta,4.9,(447 reviews),"$87,450"
225,2021 Maserati Levante S,"7,450 mi.",Maserati of Anaheim Hills/Alfa Romeo of Anaheim Hills,2.3,(7 reviews),"$75,995"
226,2019 Maserati Ghibli Base,"35,797 mi.",Umansky Maserati,3.0,(2 reviews),"$47,948"
227,2022 Maserati Levante GT,"6,474 mi.",Maserati of Anaheim Hills/Alfa Romeo of Anaheim Hills,2.3,(7 reviews),"$72,995"
228,2018 Maserati Levante Base,"45,687 mi.",Umansky Maserati,3.0,(2 reviews),"$52,090"
229,2019 Maserati Ghibli S,"41,598 mi.",Umansky Maserati,3.0,(2 reviews),"$52,840"
230,2019 Maserati Levante GranLusso,"43,662 mi.",Umansky Maserati,3.0,(2 reviews),"$63,888"
231,2022 Maserati Levante Modena,"3,008 mi.",Maserati of Anaheim Hills/Alfa Romeo of Anaheim Hills,2.3,(7 reviews),"$96,888"
232,2022 Maserati Levante GT,"4,113 mi.",Maserati of Anaheim Hills/Alfa Romeo of Anaheim Hills,2.3,(7 reviews),"$76,995"
233,2018 Maserati GranTurismo Sport,"7,296 mi.",Maserati Alfa Romeo of Wilmington Pike,3.4,(87 reviews),"$72,995"
234,2018 Maserati GranTurismo Sport,"26,711 mi.","Porsche of the Village, Maserati Cincinnati, Alfa Romeo of Cincinnati, and Volvo Cars of Cincinnati East",5.0,(34 reviews),"$86,900"
235,2022 Maserati Levante GT,"5,149 mi.",Maserati of the Main Line,4.9,(382 reviews),"$81,900"
236,2020 Maserati Ghibli Base,"11,551 mi.",Russell Westbrook Alfa Romeo Maserati Fiat,4.6,"(1,617 reviews)","$48,995"
237,2018 Maserati GranTurismo Sport,"14,825 mi.",Rusnak Bentley Rolls-Royce Maserati,4.4,(258 reviews),"$95,998"
238,2019 Maserati Ghibli Base,"36,835 mi.",Ferrari Maserati of Atlanta,4.9,(447 reviews),"$45,790"
